sol_range,n_samples,Al2O3_RMSE_mean,Al2O3_RMSE_std,CaO_RMSE_mean,CaO_RMSE_std,FeOT_RMSE_mean,FeOT_RMSE_std,K2O_RMSE_mean,K2O_RMSE_std,MgO_RMSE_mean,MgO_RMSE_std,Na2O_RMSE_mean,Na2O_RMSE_std,SiO2_RMSE_mean,SiO2_RMSE_std,TiO2_RMSE_mean,TiO2_RMSE_std
127-227,22,6.862985378945436,0.17159615014878257,2.5157299930362056,6.501653802576963,3.686055192850311,1.9449928524408546,0.7243845451178317,2.23714137897888,7.400069252342636,0.43883389486801816,3.437395001874475,11.561634914218446,9.784928136562424,1.6927088512015072,0.46866779929860986,4.799135599909304
227-327,22,7.34542514952319,0.16923374982484934,2.489508506498745,6.693700947481142,3.6742013890538168,2.220093500026268,0.6564435037885563,2.5282571410476087,6.72865879464275,0.4168363782490808,3.4610318450630553,11.451766283284625,9.666130500893765,1.8582335022312195,0.4303133411590238,5.758317687210869
27-127,22,6.408499696973614,0.1841591842695651,2.47225366569458,7.178234077565897,3.72752216376551,2.2195920745706372,0.6798228057399933,1.8777319359463855,6.234893723183506,0.45749917029287984,3.408340698895779,11.266856686306506,9.833830872810704,1.922102447120235,0.3847930478318739,3.485215111054883
327-427,9,6.149857987220478,0.036250000000000004,2.145337205508732,7.118169417382417,6.523944527010101,3.0976144332502633,0.642408048446644,0.587698424825051,8.802023094527469,0.044701390198899696,1.1293409074879464,12.573313366943573,15.586847167990067,3.714376014323887,0.4781878283579425,0.4225366411271727
427-527,22,6.29756257647766,0.18025076741524088,2.4289412624578315,6.356747257220941,3.713320643785215,1.9225311111743792,0.6673597848277735,1.9474165206101415,7.2313163307322865,0.4543759871877691,3.5409585417001956,10.803712673114031,9.727185219078564,1.415977380510509,0.4230197427203454,4.403596311351753
